ID,Model,Bibtex,Venue,Dependencies,Relationship,OCR,Architecture,OCR Engine,Prompt Strategies,Search Strategies,Agentic ,Modality,Vision Encoder,LLM/MLLM,Downstream Task,LLM Role,Key Technique,Model Architecture,Dataset,,,Pretraining,Instruct / Fine Tuning,Domain
,,,,,,,,,,,,,,,,,,,Pretraining (No Instruct),Instruct-Tuning,Inference,,,
6,Doc-V*,zheng2026docvstar,preprint,Qwen-2.5-VL; ColQwen; GRPO; GPT-4o (teacher),VLM backbone; external visual retriever; RL algorithm; teacher for SFT trajectory distillation,No,Agentic Pipeline,N/A,ReAct,Dense,Open,V,ColQwen,Qwen2.5-VL-7B-Instruct,QA,"S OCR-free agent initialised from Qwen2.5-VL-7B-Instruct performs ReAct-style think-action reasoning; three actions: retrieval_page (query-based semantic retrieval via ColQwen), fetch_page (direct index-based page fetch), answer (terminate). Structured <think> with <analysis>/<plan>/<summary> blocks; working memory accumulates summaries",Sequential evidence aggregation via active perception: Global Thumbnail Overview (256x256 per page in grid) gives structural prior; agent alternates between structured visual reasoning and document navigation; two-stage training: SFT on 9019 GPT-4o-distilled trajectories + GRPO RL with reward = 0.6*answer + 0.3*evidence + 0.1*format,Qwen-2.5-VL architecture (ViT + MLP projector + LLM backbone); pre-computes and caches visual tokens per page at up to 1024x768 native resolution; agent dynamically requests pages via retrieval/fetch actions; working memory concatenates historical summaries,N/A (uses pretrained Qwen-2.5-VL-7B-Instruct),"Stage 1 SFT: 9,019 GPT-4o-distilled trajectories from MP-DocVQA + DUDE. Stage 2 GRPO: 2,048 filtered non-overlapping examples with easy/medium/hard stratification","In-Domain: MP-DocVQA, DUDE. Out-of-Domain: SlideVQA, LongDocURL, MMLongBench-Doc",N/A,Two-stage training: (1) SFT on 9019 high-quality trajectories (format validity + answer correctness + evidence sanity filtering) distilled from GPT-4o; (2) GRPO with composite reward (answer 0.6 + evidence 0.3 + format 0.1),"VRD, multi-page (academic papers, financial reports, industrial manuals, slides)"
7,DocAgent,sun2025docagent,EMNLP,RAG; ReAct; CoT (Chain-of-Thought); LLaMA 3,extends; agent loop pattern; reasoning traces; LLM backbone,Yes,Agentic Pipeline,Adobe PDF Extract,ReAct,Joint,Open,"T, V, L",N/A (LLM Backbone used directly),"Gemini 2.0 Flash, GPT-4o, Claude Sonnet 3.5",QA,"Reasoning engine for all 3 agents: plans tool calls, reads retrieved multimodal content, generates answers, cross-checks answers, synthesises verbal memory guidelines","Multi-agent framework mimicking human reading, extracts a hierarchical XML tree-structured outline from the document, then use an actor agent with 5 retrieval tools to gather evidence, reviewer agent cross-checks answers from complementary sources/modalities, reflection-based memory bank for knowledge transfer across tasks","Training-free pipeline: 1. Outline construction (adobe PDF extract --> XML tree) 2. Actor agent (LLM + 5 tools: search, get_section_content, get_image, get_page_images, get_table_image) 3. ReviewAgent (same toolset, independent trajectory) 4. Reflection Memory Module (LLM-generated verbal guidelines, cumulative string memory)",N/A,N/A,"MMLongBench-Doc, DocBench",N/A,N/A,VRD
8,DocDancer,zhang2026docdancer,preprint,Qwen3; MinerU2.5; ReAct,Uses; uses; adopts,Yes*,Agentic Pipeline,MinerU2.5,ReAct,Joint,Open,"T, V, L",Qwen3-VL-235B-A22B-Instruct,Qwen3-4B/30B-A3B,QA,"Unified agentic reasoning engine: plans tool calls via ReAct loop, reads retrieved document content, generates multi-hop answers from gathered evidence",End-to-end trained agentic DocQA model with tool-driven framework (search + read tools). Exploration-then-Synthesis data synthesis pipeline generates high-quality agentic training data. S-agent with minimal toolkit design. Observation-masked SFT loss.,"S-agent ReAct framework: Qwen3 backbone LLM generates thought-action-observation trajectories. Two tools: (1) search tool for document exploration, (2) read tool for content comprehension. MinerU2.5 pre-processes PDFs into structured representations with 17 element types. SFT with observation-masked loss.",N/A (uses pretrained Qwen3 models),,,N/A,Supervised fine-tuning on 5K synthesized agentic DocQA instances with observation-masked loss,VRD
9,DocLens,zhu2025doclens,preprint,MinerU; Gemini 2.5 Pro/Flash; Claude-4-Sonnet,document parsing tool; primary VLM backbones; alternative VLM backbone,Yes,Agentic Pipeline,MinerU,ReAct,Joint,Open,"T, V, L",N/A (frontier VLMs consume page screenshots + cropped visual elements directly),"Gemini-2.5-Pro, Gemini-2.5-Flash, Claude-4-Sonnet",QA,"4 specialised agents: Page Navigator (retrieves evidence pages via OCR-augmented VLM), Element Localizer (crops figures/tables via MinerU), Answer Sampler (Ta=8 CoT candidates at T=0.7), Adjudicator (synthesises best answer)",Tool-augmented 'Lens' approach: Page Navigator achieves ~97.3% evidence-page recall by prompting LLM with all page screenshots + OCR text interleaved and sampling Te=8 times; Element Localizer uses MinerU to crop visual elements; Sampling-adjudication mitigates hallucination,Training-free pipeline: Lens Module (Page Navigator + Element Localizer with MinerU) feeds evidence set S={page screenshot + OCR text + cropped elements} to Reasoning Module (Answer Sampler + Adjudicator),N/A (uses pretrained Gemini-2.5-Pro/Flash and Claude-4-Sonnet),N/A (training-free),"MMLongBench-Doc, FinRAGBench-V",N/A,N/A (training-free),"VRD, long visual documents, financial reports"
12,DocReact,wu2025docreact,ACL,RAG; BERT; BM25; T5,extends iteratively; dense retrieval encoder; sparse fallback; seq2seq reader,No,Agentic Pipeline,N/A,ReAct,Dense,Open,V,"ColPali, VisRAG-Ret",GPT-4o,QA,1. Generator: produce answers from retrieved multimodal page substeps 2. Judge: evaluate information gaps and generates refined sub-queries via information differentiation,Adaptive iterative retrieval framework that maximises entropy-normalised nutual information gain at each step,"Pipeline that wrap an existing MLLM (GPT-4o) and multimodal retrieval model (ColPali / VisRAG-Ret), MLLM acts as both judge and generator within ReAct-style loop",N/A,N/A,"SlideVQA, MMLongBench-Doc",N/A,N/A,VRD
22,MACT,yu2025mact,preprint,Qwen2.5-VL / MiMo-VL / InternVL3 (VLM); Qwen2.5 / MiMo / InternVL3 (LLM); GRPO; VisualPRM; Skywork-VL-Reward,VLM backbones (plan+execute agents); LLM backbones (judgment+answer agents); RL algorithm; process reward model; outcome reward model,No,Agentic Pipeline,N/A,ReAct,Dense,Open ,V,Qwen2.5-VL-7B-Instruct / MiMo-VL-7B-SFT / InternVL3-9B (VLM for plan+execute agents),Plan/Exec: Qwen2.5-VL-7B or MiMo-VL-7B-SFT or InternVL3-9B; Judge/Answer: Qwen2.5-7B/3B or MiMo-7B-SFT or InternVL3-8B/2B,QA,Planning Agent (VLM) analyses question and produces Np high-level plans via analogical prompting; Execution Agent (VLM) executes step-by-step with Ne candidates per step scored by process reward model; Judgment Agent (LLM) verifies correctness and redirects to prior agents (Nc<=3); Answer Agent (LLM) summarises final answer,"Four-agent collaboration with agent-wise hybrid test-time scaling: Planning (parallel Np), Execution (sequential Ne candidates with PRM), Judgment (budget forcing internal scaling), Answer (no scaling). Mixed reward = per-agent rewards + global outcome reward via GRPO","Three MACT variants: Qwen2.5-VL-Series-24B, MiMo-VL-Series-28B, InternVL3-Series-28B (each with VLM for plan/exec + LLM for judge/answer)",N/A (uses pretrained base VLMs/LLMs),Stage 1 SFT: VLM tuned on document/non-document datasets with/without CoT; Judgment LLM tuned on GPT-4o-generated labels + rule-based verifications; Answer LLM tuned on ground-truth summaries,"DocVQA, DUDE, SlideVQA, MMLongBench-Doc, VisualMRC, InfographicVQA, ChartQA, CharXiv, TableVQA-Bench, TableBench, ScienceQA, RealWorldQA, MathVista, Math-Vision, MathVerse",N/A,Two-stage pipeline: (1) SFT per agent on targeted task; (2) RL with GRPO using VisualPRM (process reward for plan/execute) + Skywork-VL-Reward (outcome reward for judgment/answer) with mixed agent-specific + global reward,"VRD (text, webpage, chart, table) + general + mathematical reasoning"
33,SimpleDoc,jain2025simpledoc,EMNLP,ColQwen-2.5 (ColPali); Qwen2.5-VL-32B-Ins; Qwen3-30B-A3B,visual retrieval embedding model; VLM for summarisation/reasoning; text-only LLM for summary re-ranking,Yes*,Agentic Pipeline,N/A,CoT,Joint,Open,"T, V",ColQwen-2.5,"Qwen2.5-VL-32B-Instruct, Qwen3-30B-A3B",QA,Qwen2.5-VL-32B-Ins as VLM reasoner agent and per-page summariser; Qwen3-30B-A3B as text-only LLM for summary-based re-ranking and decision making,"Dual-cue page retrieval: offline indexes each page via ColQwen-2.5 dense embedding + VLM-generated semantic summary; online retrieves top-k=30 by embedding, re-ranks via LLM over summaries; reasoner iteratively refines query via working memory if evidence insufficient",Two-stage pipeline: (1) offline pre-processing (ColQwen-2.5 embeddings + Qwen2.5-VL-32B summaries per page) + (2) online iterative QA loop with dual-cue retriever + memory-guided reasoner,N/A (uses pretrained ColQwen-2.5 and Qwen models),N/A (training-free; no additional fine-tuning),"MMLongBench, LongDocURL, PaperTab, FetaTab",N/A (training-free),N/A (training-free),"Multi-page VRD, tabular"
36,ViDoRAG,wang2025vidorag,EMNLP,RAG; ColPali; Qwen2-VL; ReAct; BM25,extends retrieval; visual retrieval; answer generation backbone; agentic reasoning pattern; sparse retrieval,Yes*,Agentic Pipeline,PPOCR,ReAct,Joint,Open,"T, V","Nv-embed-V2, ColQwen2","Qwen2.5-VL, LLaMA3.2-Vision, GPT-4o",QA,Inference-only; LLMs like Qwen2.5-VL used as agents in prompt-driven generation,"Multi-agent iterative reasoning (Seeker, Inspector, Answer agents); GMM-based dynamic hybrid retrieval (Text + Vision)",Multi-agent RAG framework + GMM-based hybrid retriever,N/A,N/A,"ViDoSeek, SlideVQA-refined",N/A,N/A,VRD
3,CoR,guo2026end,preprint,Qwen2.5-VL; LoRA; DPO,Extends; uses; uses,Yes*,Backbone-Centric MLLM Adaptation,Localised (Qwen-2.5-VL),CoT,N/A,N/A,"T, V",Qwen2.5-VL,Qwen2.5-VL-7B,QA,"End-to-end document reader and reasoner: directly consumes PDF page images, performs structured locate-then-reason via CoR traces, generates answers with explicit evidence chain","End-to-end document reader and reasoner: directly consumes PDF page images, performs structured locate-then-reason via CoR traces, generates answers with explicit evidence chain","Qwen2.5-VL-7B base. Stage 1: LoRA (r=16, alpha=32) on language model + projector, vision encoder frozen. Stage 2: full-parameter SFT on LM + projector with CoR-Dataset (26K QA pairs) and Mask-AR data, vision encoder frozen. Stage 3: DPO with LoRA (r=8) using hybrid sigmoid+robust loss on 5K preference pairs.",N/A (Qwen2.5-VL-7B pretrained),,,N/A,Stage 1: LoRA SFT on public doc datasets. Stage 2: Full-param SFT on CoR-Dataset + Mask-AR. Stage 3: DPO with hybrid loss on 5K preference pairs.,"VRD: academic, financial, legal, technical documents"
10,Docopilot,duan2025docopilot,CVPR,LLaVA; Qwen2-VL; LoRA; ViT,architecture template; long-context VLM backbone; efficient fine-tuning; visual encoder,No*,Backbone-Centric MLLM Adaptation,N/A,N/A,N/A,N/A,V,InternViT-300M,"InternLM2-1.8B,InternLM2.5-7B","QA, KIE, DC, summarisation",InternLM2 decoder-only LLM for generation,Native long-context MLLM with Multimodal Data Packing and Ring Attention to achieve VQA without reliance on RAG,"Standard ViT-MLP-LLM architecture using pre-trained InternViT300M, 2 layer MLP projector, pretrained InternLM2 LLM decoder",N/A (InternVL2 pretrained),"Doc750K, MP-DocVQA, DUDE, ArxivQA, MMDU45K, DocVQA, DocREason, InfoVQA, ChartQA, LongAlpaca, LongQLoRA, LongCits, LongAlign, LongReward",N/A,InternVL2 (standard ViT + LLM),Combine multiple open-source datasets to create mixed dataset for SFT,"VRD, academic docs"
11,DocR1,xiong2026docr1,AAAI,Qwen2.5-VL; GRPO; DeepSeek-R1,Uses; extends; inspired by,No,Backbone-Centric MLLM Adaptation,N/A,CoT,N/A,N/A,V,Qwen2.5-VL,Qwen2.5-VL-7B,QA,Unified reasoning engine: performs evidence page retrieval and answer generation within a S model via RL-incentivized coarse-to-fine reasoning,Evidence Page-Guided Group Relative Policy Optimization (EviGRPO): evidence-aware reward mechanism promoting coarse-to-fine reasoning. Model first retrieves relevant evidence pages then generates answer. Two-stage curriculum training strategy.,"Qwen2.5-VL-Instruct (7B) as base MLLM, extended with EviGRPO reinforcement learning. No additional architectural modules; RL rewards guide internal reasoning to identify evidence pages before answering.",N/A (uses pretrained Qwen2.5-VL-Instruct),,,N/A,EviGRPO reinforcement learning with evidence-aware rewards and curriculum training on EviBench (4.8K samples),"VRD, academic documents"
13,DocSLM,hannan2025docslm,CVPR,BERT; T5; ViT; LoRA,text encoder; seq2seq compression backbone; visual encoder; parameter-efficient fine-tuning,Yes,Backbone-Centric MLLM Adaptation,PaddleOCR,N/A,N/A,N/A,"T, V, L",SigLIP2,Qwen2.5-1.5B,QA,"Generator: receives 576-token pae representations and natural language query, produces segment-level answer predictions with token-level entropy uncertainty scores","hierarchical multimodal compressor fuses visual, OCR text and layout features into fixed 576 token page representation + Streaming Abstention mechanism that processes document segments sequentially with entropy-based uncertainty calibration for constant memory footprint",SigLIP2 vision encoder + PaddleOCR extractor --> Local OCR compression --> Global visual compression --> MLP adapter --> Qwen2.5-1.5B SLM,"DocStruct4M, MP-DocStruct1M","DocDownstream1.0, DocDownstream2.0 + DocGenome12K + MPDocReason51K","MP-DocVQA, DUDE, MMLongBench-Doc, NewsVideoQA",1. OCR alignment 2. image compression 3. document compression (multi-page),1. Instruction tuning on S-image outputs 2. streaming abstention training with negative-pair supervision,VRD
16,InstructDoc,tanaka2024instructdoc,AAAI,LayoutLMv3; LLaMA 3; LoRA,document encoder backbone; LLM decoder; parameter-efficient fine-tuning,Yes,Backbone-Centric MLLM Adaptation,Unspecified,N/A,N/A,N/A,"T, V, L",CLIP,"FlanT5, BLIP2","QA, KIE, DC, NLI, DLA, ITM",Frozen (FlanT5) ,A  Document-former is used to bridge multimodal document represenstation and LLM textual representation. Multi-task instruction tuning is applied. ,Cross-attention based Document Former is applied to bridge gap between vision encoder and LLM. Only Document-former and FFN layer are trainable. ,N/A,Instruct-tuned on Instruct-Doc,"FUNSD, CORD, ChartQA, InfoVQA, TabFact, DUDE, SlideVQA, Held-out",N/A,Multi-task Instructiong Tuning,"VRD, Chart, Table"
18,LayTokenLLM,zhu2025laytokenllm,CVPR,Transformer; LLaMA 3; LoRA; LayoutLMv3,architectural basis; LLM backbone; parameter-efficient fine-tuning; layout encoding inspiration,Yes,Backbone-Centric MLLM Adaptation,EacyOCR,N/A,N/A,N/A,"T, L","N/A (uses text within visual elements, poor performance as a result)","LLaMA3-8B, Qwen1.5-7B","QA, KIE","Contiuning Pretraining: LLama3-8B,Qwen1.5-7B as backbone for Text and Layout encoding. ",Layout Token with New Positional Encoding Scheme for Layout Tokens without additional positional IDs.New Pretraining prediction pretraining. ,Layout Token is proposed to integrated into LLM as interleaved input with text tokens.,SFT data (LayoutLLM),N/A,"FUNSD, SROIE, MPDocVQA, DocVQA, DUDE,SIBR",Next Interleaved Text and Layout Token Prediction,N/A,VRD
19,Leopard,jia2024leopard,TMLR,SigLIP-SO400m; LLaMA 3; LLaVA; MLP Projector,visual encoder; LLM backbone; architecture template; vision-language connector,No,Backbone-Centric MLLM Adaptation,N/A,N/A (CoT used in annotation for dataset),N/A,N/A,V,SigLIP-SO400M,"LLaMa-3.1-8B, Mistral-7B",QA,"Continue instruct-tuning: LLaVA, Idefics2 as backbone (MLLM )",High quality instruction-tuning data. High-resolution multi-image encoding module. ,"LEOPARD is decoder only vision language model, uses SigLIP-SO-400M as encoder, 2 layer MLP vison language connector and backbond LLM (LLaMA-3.1 or Mistral-7B)",N/A,LEOPARD-INSTRUCT,"SlideQA, DUDE, MPDocVQA, DocVQA",N/A,Connector and Language model tuned on LEOPARD-INSTRUCT,VRD/Chart/Text
27,mPLUG-DocOwl2,hu2025mplug,ACL,CLIP; LLaMA 3; LLaVA; LoRA,visual encoder; LLM backbone; VLM template; efficient fine-tuning,No,Backbone-Centric MLLM Adaptation,N/A,N/A,N/A,N/A,V,ViT-L/14,mPLUG-Owl2,"QA, KIE",LLM (mPLUG-Owl2) is frozeon execpt fine-tuning stage. ,"Introduce a novel compressing architecture to greatly reduce visual tokens of high resolution document images to enable multi-page document understanding. It leverages a Shape-adaptive Cropping Module and a low resolution vision encoder to encode high-resolution document images. The glolab visual feature can be enhanced by applying cross-attention with layout aligned high-resolution visual features. For multipage scenarios, a special token <img x> is added before each document image. ",Build on Top of 1.5 version with a cross-attention absed High-reesolution DocCompressor. ,"DocStruct4M, MP-DocStruct1M","MP-DocVQA, DUDE, NewsVideoQA, MP-DocReason51K, DocGenome12K","MP-DocVQA, DUDE, NewsVideoQA","S-image Pretraining, Multi-image Continue Pretraining",Multi-task Finetuning,"Multipage VRD, VRD/Chart/Text/Table"
34,TextHawk2,yu2024texthawk2,preprint,CLIP; LLaMA 3; Qwen2-VL; LLaVA; SigLIP-SO400m,visual encoder; LLM backbone option; architecture comparison; VLM template; visual encoder alternative,No*,Backbone-Centric MLLM Adaptation,N/A,N/A,N/A,N/A,V,SigLIP-SO400M,Qwen2-7B-Instruct,"QA, OCR, REC","Qwen2-7B-Instruct Pre-training: Initially frozen during warm-up; then trained with LoRA, Fine tuning stage is trainable","16x Visual Token Compression (ReSampling & Rearrangement), Unified Visual Encoder, Detection Head, Multi-level Cross Attention",ViT + Resampler + LLM + Detection Head,"OCRBench, ChartQA, DocVQA, InfoVQA, RefCOCO, UMG, CapsFusion, etc.",SigLIP-SO400M,"ChartQA, DocVQA, InfoVQA, TabFact, WTQ, TextVQA",N/A,"SFT Text alignment, interleaved multimodal reasoning, grounding (region-caption linking), OCR transcription, image-to-markdown conversion, and table/chart understanding to build a bilingual LVLM with strong OCR and grounding capabilities.","Natural Scene, VRD"
1,Arctic-TILT,borchmann2025arctic,ACL,BERT; T5; ViT,text encoder basis; encoder-decoder framework; visual feature extraction,Yes,Page-to-Document Encoding Models,Unspecified,N/A,N/A,N/A,"T, V, L",U-Net,T5-Large,"QA, KIE, summarisation","End-to-end multimodal processor directly consuming T, V, L inputs to generate text based answers","""Tensor Product"" modality fusion mechanism integrated within each transformer block, chunked processing and sparse attention to handle long documents","Encoder-decoder transformer based on T5, combined with contextualized vision from a U-Net with textual semantics using a fusion operation placed after the FFNs in every encoder layer","CCpdf, OCR-IDL",12 public datasets + 5 in house datasets,"MP-DocVQA, DUDE, Kleister NDA, Kleister Charity, ArXiv-Lay, PubMed-Lay, DocVWA, VQA-CD, infographicsVQA, MMLongBench-Doc, SlideVQA","Self supervised pretraining using pretrained T5, then further 900K steps self supervised pretraining on document datasets after introducing TILT architecture modifications","SFT on 17 QA and KIE datasets, hyperparameter tuning conducted using Optuna","VRD, business, academic"
14,GRAM,blau2024gram,CVPR,BERT; T5; ViT,cross-page text encoding; seq2seq backbone; visual encoder,Yes,Page-to-Document Encoding Models,Unspecified,N/A,N/A,N/A,"T, V, L",DocFormerv2,DocFormerv2,QA,N/A,Extends pretrained SP Encoder + Decoder using Global-Local encoder blocks with document tokens that propagate information across pages,"Interleaved encoder-decoder transformer built on DocFormerv2, self attention applied only over cross-page doc tokens.",N/A (DocFormerv2 pretrained),MP-DocVQA + DUDE,"MP-DocVQA, MMLong-Doc, DocGenome, MM-NIAH, DocVQA, ChartQA, InfoVQA",DocFormerv2 (no further pre-training),Fine-tuned on MP-DocVQA & DUDE,"multipage VRD, industry documents"
15,Hi-VT5,tito2023hierarchical,PR,T5; ViT,seq2seq backbone; visual patch encoder,Yes,Page-to-Document Encoding Models,Amazon Textract,N/A,N/A,N/A,"T, V, L",DiT,T5-Base,"QA, PageID",N/A,"Visual, textual and layout features passed to T5 encoder to produce answer",Hierarchical Transformer + per-page summary,DocVQA,N/A,MP-DocVQA,T5 pretrained on S image docs,N/A,VRD
31,RM-T5,dong2024multi,DAS,T5; DiT; ViT,seq2seq backbone; document image encoder; patch encoder,Yes,Page-to-Document Encoding Models,Amazon Textract (dataset-provided),N/A,37,N/A,"T, V, L",DiT,T5-base,"QA, PageID",T5 encoder-decoder: encoder produces per-page memory tokens from OCR+visual+question; decoder consumes concatenated memories from all pages to generate the final answer,Recurrent Memory Transformer (RMT) within an encoder-decoder framework. m=100 learnable memory tokens propagated across pages; memories from all pages concatenated for decoder to integrate global document context. Auxiliary page prediction module,T5-base encoder-decoder + DiT visual patch encoder + spatial embedding module + page prediction module,N/A (T5-base Hugging Face pretrained weights used for initialization),"MP-DocVQA training set (curriculum learning: 1 page -> 3 pages, then full 20-page doc)",MP-DocVQA test,N/A,"Curriculum learning SFT: start with 1 page, grow to 3 pages; then fix encoder and fine-tune decoder + page selector on full 20-page documents. 10 epochs, batch size 4, NVIDIA A40 GPU",Multi-page VRD
2,AVIR,li2025avir,ACM,Pix2Struct; Qwen2-VL,page relevance scoring backbone; adaptive answer generation backbone,No,Retriever-Generator Pipeline,N/A,N/A,Dense,N/A,V,Pix2Struct,Qwen2.5-VL-3B-AWQ,QA,Qwen2.5-VL-3B-AWQ frozen answer generator,"Lightweight Pix2Struct scores pages based on question relevance, then use K-means clustering (for long docs) or threshold filtering (for short docs) to select most relevant pages","Frozen Pix2Struct encoder (100M) with 2 self attention layers and a sigmoid head for relevance scoring + frozen AWQ quantized Qwen2.5-VL-3B for answer generation, receiving only adaptively selected pages",N/A (Pix2Struct + Qwen2.5-VL-3B0),"MP-DocVQA, SlideVQA","MP-DocVQA, SlideVQA, DUDE",N/A,"Fine tuning on retrieval head only on each dataset, downloadstream LVLM (Qwen2.5VL-3B-AWQ fully frozen)",Multi-page VRD
4,CREAM,zhang2024cream,ACM,RAG; BERT; T5; LoRA,coarse-to-fine retrieval framework; text embedding encoder; seq2seq reader; efficient fine-tuning,Yes,Retriever-Generator Pipeline,Unspecified (BGE-large for embeddings),N/A,Joint,N/A,"T, V",Pix2Struct,LLaMA2-7B,QA,Generates final answer conditioned on question + text chunks + visual document representations,Coarse-to-fine retrieval: text embedding similarity (coarse phase) + LLM-based multi-round gruoping and reranking (find phase) to identify more relevant chunks,Pix2Struct vision encoder extended via an attention pooling mechanism to handle multiple document pages --> projected into LLaMA2 7B via AdapterMLP layer,N/A (Pix2Struct + LLaMA2),"DocVQA, InfographicVQA, VisualMRC, MPDocVQA, DUDE","MPDocVQA, DUDE, DocVQA, InfographicVQA, VisualMRC",N/A,"LoRA applied to query and value matrices in multi-head attention, bias and scale factor tuning on all linear layers, prefix tuning with visual query inject","VRD, infographics"
5,DFVC,qian2026dfvc,MDPI,VisRAG (MiniCPM-V); ColQwen (Qwen2-VL); ColPali; ColBERT,Extends; builds on; uses; uses,No,Retriever-Generator Pipeline,N/A,N/A,Dense,N/A,V,"VisRAG, ColQwen",Qwen2-VL-2B-Instruct,"QA, DocRetrieval","Frozen dual-encoder: vision encoder maps page images to embeddings, text encoder maps queries to embeddings. Adapter refines page embeddings post-hoc.","Dynamically Fusing Visual Context (DFVC) of pages: lightweight plug-and-play MLP adapter predicts gating weights (alpha, beta) to adaptively fuse embedding vectors of neighboring pages into a context-enriched representation. Contrastive ListNet ranking loss with drift regularization prevents context dilution.","Frozen VLM backbone (VisRAG/MiniCPM-V or ColQwen/Qwen2-VL-2B-Instruct) encodes each page independently into embedding vectors. Lightweight MLP adapter (2 linear layers, hidden dim 512) takes concatenated [v_{n-1}; v_n; v_{n+1}] and predicts sigmoid-gated weights. Residual fusion: v'_n = v_n + alpha*v_{n-1} + beta*v_{n+1}.","N/A (frozen VLM backbones: VisRAG, ColQwen pretrained)",,,N/A,"Adapter-only training: AdamW lr=5e-4, 20 epochs on MP-DocVQA, 5 epochs on MMLongBench-Doc. Backbone frozen; only 4.2MB adapter parameters trained.",VRD
17,KGP,wang2024kgp,AAAI,RAG; BERT; BM25,retrieval-augmented framework; text encoder for KG nodes; sparse retrieval,Yes,Retriever-Generator Pipeline,PDF parser (unspecified),N/A,"Sparse (pdf parser converts visual contents to text, no vision encoder)",Fixed,"T, L",N/A,"T5-large, LLaMa-7B, MDR (RoBERTa), ChatGPT",QA,T5 (or LLaMA): instruction-finetuned for graph traversal agent; LLM predicts next passage to retrieve,Construct KG from documents (passages/pages/tables) + LLM-based graph traversal agent,"KG + LLM traversal (T5, LLaMA, ChatGPT) for retrieval + final answer from ChatGPT",N/A,HotpotQA,"2WikiMQA, MuSiQue, IIRC, HotpotQA, PDFTriage",N/A,"Instruction tuning on HotpotQA (T5, LLaMA) for 'next passage prediction' task",text document
20,M2RAG,duan2025m2rag,NeurIPS?,BM25; VisRAG-Ret (MiniCPM-V); Qwen2.5-7B-Instruct; Qwen2.5-VL-7B-Instruct; Qwen2.5-VL-32B (teacher); LoRA,sparse text retriever; visual retriever; text filter LLM; fine-tuned visual extractor and modal fuser VLM; teacher VLM for knowledge distillation; efficient fine-tuning,Yes*,Retriever-Generator Pipeline,Unspecified,N/A,Joint,Fixed,"T, V",VisRAG-Ret (MiniCPM-V based),"Qwen2.5-7B-Instruct, Qwen2.5-VL-7B-Instruct, Qwen2.5-VL-32B",QA,Text Filter (Qwen2.5-7B-Instruct) generates preliminary text-based answer a_T + evidence chain E_T from retrieved text segments; Visual Extractor (LoRA-tuned Qwen2.5-VL-7B-Instruct) generates preliminary visual answer a_V + evidence E_V from retrieved pages; Modal Fuser (same LoRA-tuned VLM) integrates text/visual answers and evidence into final answer a_F,Dual-tower retrieval (BM25 text + VisRAG-Ret visual) + 3-agent multi-agent generation (Text Filter + Visual Extractor + Modal Fuser); Knowledge-distillation LoRA fine-tuning of Qwen2.5-VL-7B student using Qwen2.5-VL-32B teacher on MP-DocVQA,"BM25 (sparse text) + VisRAG-Ret (visual, MiniCPM-V based) retrieval; top-k=1/3/5 retrieval; Text Filter (Qwen2.5-7B) + LoRA-tuned Visual Extractor + Modal Fuser (Qwen2.5-VL-7B)",N/A (uses pretrained backbones),"Knowledge-distillation LoRA fine-tuning of Qwen2.5-VL-7B student on MP-DocVQA with Qwen2.5-VL-32B as teacher; 3 epochs, batch size 16, NVIDIA A800 80GB GPU","DocBench, MMLongBench, LongDocURL",N/A,"LoRA fine-tuning via knowledge distillation on MP-DocVQA (student=Qwen2.5-VL-7B-Instruct, teacher=Qwen2.5-VL-32B-Instruct)","VRD / DocQA (open-domain and closed-domain, long and short documents, textual and visual content)"
21,M3DocRAG,cho2024m3docrag,preprint,ColPali; Qwen2-VL; RAG,visual page retrieval; answer generation backbone; retrieval-augmented framework,No,Retriever-Generator Pipeline,N/A,N/A,Dense,N/A,V,"ColPali, ColQwen (secondary)","Qwen2-VL-7B, InternVL2-8B, Idefics2-8B, Idefics3-8B",QA,Qwen2-VL 7B for answer generation,"Retrieves relevant document pages using ColPali visual embeddings rather than OCR, preserving visual information --> MLLM (Qwen2-VL)",PDF --> RGB images --> ColPali --> Retrieval --> MaxSim scoring --> MLLM Answer generation,"PaliGemma2B (ColPali), Qwen2-VL pretraining data",N/A,"M3DocVQA, MMLongBench-Doc, MP-DocVQA",- (ColPali + Qwen2VL pretrained),N/A,Multi-page VRD
23,MDocAgent,han2025mdocagent,preprint,ColBERT; ColPali; RAG; ReAct; Qwen2-VL,text retrieval; visual retrieval; retrieve-then-read paradigm; agent orchestration; VLM backbone,Yes*,Retriever-Generator Pipeline,PDF parser (unspecified) + Localised (ColBERTv2),N/A,Joint,Fixed,"T, V","ColPali, ColQwen2","LLaMA-3.1-8B-Instruct, Qwen2-VL-7B-Instruct",QA,LLMs/MLLMs are frozen and adopted as specialised agents. Llama-3.1-8B-Instruct is used as text agent and Qwen2VL-7B-Instruct used for others. ColBERTv2 and ColPali used as vision and language retriever. ,"Design a multi-agent framework to integrate specialized agents from text/image understanding, critical information extraction and fianl answer prediction. ",Multi-agents structure combining several LLMs/MLLMs. ,N/A,N/A,MMLongBench LongDocUrl PaperTab PaperText FetaTab,N/A,N/A,"VRD, Chart, Table"
24,MHier-RAG,gong2025mhier,preprint,RAG; ColPali; Qwen2-VL; BM25,hierarchical retrieval framework; visual page retrieval; answer generation backbone; sparse first-stage retrieval,Yes,Retriever-Generator Pipeline,Docling (PDF parser),CoT,Joint,N/A,"T, V, L",Qwen-VL-Plus,"Qwen-VL-Plus, GPT-3-turbo, Qwen-turbo, GPT-4o, DeepSeek-chat, ERNIE-turbo",QA,"LVLM (Qwen-VL-Plus) converts visual content to text content descriptions, GPT-3-turbo summarises clustered cross-page chunks, Qwen-turb LVLM re-ranks retrieved parent pages, Qwen-turbo/GPT-4o/DeepSeek-chat/ERNIE-turbo LLM for final answer generation wtih CoT",Multi-modal RAG with two complementary hierarchical index structures: (1) a Flattened In-Page Index enabling parent-page retrieval with LLM-based re-ranking to bridge modality disconnection within a page; (2) a Topological Cross-Page Index using Gaussian Mixture Model clustering and LLM-generated summaries for document-level long-distance reasoning across pages,"Training free: Docling PDF parser --> textual chunks (plain text, tables, layout) --> LVLM generated visual descriptions + raw images --> dual hierarchical index --> multi-granularity retriever --> LLM answer with CoT + structured output prompting",N/A,N/A,"MMLongBench-Doc, LongDocURL",N/A,N/A,VRD
25,MLDocRAG,zhang2026mldocrag,preprint,MinerU; BGE-m3; Qwen2.5-VL; FAISS/ElasticSearch; Neo4j,document parsing tool; dense text encoder; VLM for query generation and answer; vector database; graph database,Yes,Retriever-Generator Pipeline,MinerU ,CoT,Dense,N/A,"T, V, L",N/A (LVLM Qwen2.5-VL used directly on multimodal chunks),Qwen2.5-VL-32B-Instruct (default LVLM for MDoc2Query and final answer); Qwen2.5-VL-7B (MDoc2Query optimisation); Qwen2.5-72B (LLM-as-a-Judge evaluator only),QA,Qwen2.5-VL-32B generates query-answer pairs per chunk during MCQG construction and produces final answers during inference; optional parametric fine-tuning of LVLM on curated chunk-to-query exemplars,Multimodal Chunk-Query Graph (MCQG): MDoc2Query extends Doc2Query to multimodal via LVLM-generated queries from heterogeneous chunks; Chunk-Query edges + Query-Query KNN edges; query-centric KNN retrieval aggregates linked source chunks,MinerU PDF parser extracts paragraphs/figures/tables/equations into JSON -> LVLM generates answerable queries per chunk -> BGE-m3 embeds query-answer pairs (stored in FAISS/ElasticSearch) -> MCQG stored in Neo4j -> KNN retrieval -> chunk ranking -> LVLM answer generation,N/A (uses pretrained BGE-m3 and Qwen2.5-VL),N/A by default (training-free); optional parametric optimisation via fine-tuning LVLM on chunk-to-query exemplars,"MMLongBench-Doc, LongDocURL",N/A,N/A by default; optional SFT on curated chunk-to-query exemplars for parametric optimisation,"VRD (multimodal long documents: research papers, reports, books)"
26,MoLoRAG,wu2025molorag,EMNLP,ViT; Qwen2-VL; RAG,page visual encoder; VLM traversal backbone; retrieve-then-read framework,No,Retriever-Generator Pipeline,N/A,N/A,Dense,N/A,V,ColPali,"Qwen2.5-VL 3B/7B, Deepseek-VL-16B, LlaVa-Next-7B",QA,"Qwen2.5-VL-3B for lightweight retrieval and assigning logical relevance scores, Qwen2.5-VL-7B for answer generator","Construct a page level graph, then uses a lightweight VLM as retrieval engine to traverse graph and score pages on semantic similarity and logical relevance to question","ColPali to encode document and build page graph, Qwen2.5VL-3B as retrieval engine for logical relevance scoring, top K retrieved pages images fed into arbitrary LVLM for answer generation","N/A (Colpali, Qwen2.5-VL backbone)","MoLoRAG+ (curated from MMLongBenth, LongDocURL)","MMLongBench, LongDocURL, PaperTab, FetaTab",N/A,MoLoRAG+: SFT of Qwen2.5-VL-3B using LoA via LLaMA-Factory,Multi-page VRD
28,MultiDocFusion,shin2025multidocfusion,ACL,DETR / VGT (DP); Tesseract / EasyOCR / TrOCR; BGE / E5 / BM25; Mistral-8B / Llama-3.2-3B / Qwen-2.5-3B (DSHP-LLM); LoRA,layout detection models; OCR engines; text embedders and sparse retriever; instruction-tuned chunk-hierarchy LLMs; efficient fine-tuning,Yes,Retriever-Generator Pipeline,"Tesseract, EasyOCR, TrOCR",N/A,Dense (BGE / E5) or Sparse (BM25),N/A,"T, V, L",N/A (retrieval operates on detected text + layout; DP via DETR/VGT produces bounding boxes but output is text-centric chunks),"Mistral-8B, Llama-3.2-3B, Qwen-2.5-3B, Qwen-2.5-7B",QA,DSHP-LLM (LoRA-tuned Mistral-8B) reconstructs document section hierarchy as JSON Header Tree then attaches general nodes; final answer LLM (Llama-based) generates answer from retrieved hierarchical chunks,"Four-stage pipeline: (1) Document Parsing (DETR/VGT detects Titles, Section Headers, text blocks, tables, figures with bounding boxes); (2) OCR (Tesseract/EasyOCR/TrOCR extracts text); (3) DSHP-LLM (LoRA-tuned Mistral-8B parses Header Tree and attaches general nodes via All Segments list to build Document Hierarchical Tree); (4) DFS-based Grouping with max_len threshold assembles Hierarchical Chunks marked with Markdown headers",DP (vision detection) + OCR (classical engines) + DSHP-LLM (LoRA-tuned LLM for hierarchy) + DFS Grouping; top-k=4 retrieval via BGE/E5/BM25 + LLM answer generation,N/A (uses pretrained LLM/embedder/OCR/DP components),"DSHP-LLM instruction-tuned via LoRA on DocHieNet + HRDH for hierarchical parsing; downstream answer LLMs evaluated: Llama-3.2-3B, Mistral-8B, Qwen-2.5-7B","DUDE, MPVQA (MP-DocVQA), CUAD, MOAMOB",N/A,DSHP-LLM LoRA-instruction-tuned on DocHieNet + HRDH (hierarchical parsing training data); downstream generator LLMs used without explicit further fine-tuning for each VQA dataset,"Multi-page industrial / academic VRD (financial reports, scientific reports, scanned forms, legal contracts (CUAD), nuclear/specialised domain (MOAMOB))"
29,PDF-WuKong,xie2024wukong,preprint,LLaVA; Qwen2-VL; ViT; LoRA,VLM architecture template; language backbone; visual encoder; efficient fine-tuning,Yes*,Retriever-Generator Pipeline,"Grobid, MinerU (PDF parsing)",N/A,Joint,N/A,"T, V",IXC2-VL-4KHD,IXC2-VL-4KHD,QA,LLM (BGE-M3),Introduce a Sparse Sampling module (task) to identify and extract the most relevant text chunks or diagrams based similary. Contrastive learning ,The output from the text and image encoder are used to contrastive leraning and then feed into llm. ,N/A,N/A,DocVQA ChartQA InfoVQA,N/A,Fine-tuned on inference dataset (training set) with contrastive learning loss.,"VRD, Chart"
30,RAG-DocVQA,lopez2025enhancing,ICDAR,VT5 / Pix2Struct / Qwen2.5-VL-7B-Instruct; bge-en-small-v1.5; bge-reranker-v2-m3; DIT (dit-base-finetuned-rvlcdip); LoRA,generator backbones; bi-encoder; cross-encoder reranker; document image transformer for VT5 visual crops; efficient fine-tuning,Yes*,Retriever-Generator Pipeline,Unspecified (Dataset Provided),N/A,Dense,N/A,"T, V, L (V, L for OCR-free variant)","DiT, Pix2Struct","VT5,Qwen2.5-VL-7B-Instruct",QA,VT5 decoder generates answers from fused text + bbox + DIT-encoded image crops; Qwen2.5-VL-7B-Instruct generates answers from concatenated chunk text + question + prompt with each chunk image embedded via Qwen's vision encoder; Pix2Struct encodes tiled mini-patches with 2D positional indices and generates the answer,"Three-stage RAG pipeline (indexing, retrieval, generation) with two variants: (1) Textual RAG - chunks OCR tokens (L=60, overlap 10, tolerance 0.2), fine-tuned bge-en-small-v1.5 bi-encoder retrieves top-k'=20, bge-reranker-v2-m3 cross-encoder reranks to top-k=10, concatenates chunk text+boxes+image crop into generator (VT5 or Qwen2.5-VL-7B); (2) Visual RAG - vertical patches (P=512, overlap 256), Pix2Struct encodes patches + query (rendered as image), ColBERT-style late interaction selects top-k=5 patches, tiled as mini-patches for Pix2Struct generator","Bi-encoder (bge-en-small-v1.5, ~33M) + Cross-encoder (bge-reranker-v2-m3, ~568M) + Generator (VT5 ~223M / Qwen2.5-VL-7B ~7000M / Pix2Struct ~282M); DIT for VT5 image crops",N/A (uses pretrained backbones),"Bi-encoder contrastive fine-tuned per dataset on query-chunk pairs (Multiple-Negatives Ranking Loss); VT5 fully fine-tuned (AdamW, lr=2e-4, 4 epochs); Qwen2.5-VL-7B LoRA (alpha=16, rank=8, dropout=0.05) on Q/V projections; Pix2Struct uses pre-existing dataset-fine-tuned weights","MP-DocVQA, DUDE, InfographicVQA",N/A,Bi-encoder: MNR Loss contrastive with synthetic anchor-positive pairs (ANLS > 0.8 threshold); VT5: full fine-tuning; Qwen2.5-VL-7B: LoRA on Q/V; Pix2Struct: dataset-pretrained weights used directly,Multi-page VRD
32,Self-Attention Scoring,kang2024multi,ICDAR,Pix2Struct; ViT,page scoring backbone; patch encoder,No,Retriever-Generator Pipeline,N/A,N/A,Dense,N/A,V,Pix2Struct,Pix2Struct,QA,N/A,Convert document to image fed into Pix2Struct; page scoring to retrieve relevant pages using self-attention,Self-attention top-K retrieval + Pix2Struct VLM,N/A,MP-DocVQA T/V set,MP-DocVQA,N/A,N/A,VRD
35,VDocRAG,tanaka2025vdocrag,CVPR,CLIP; Qwen2-VL; RAG; LoRA,contrastive visual embedding; VLM backbone; retrieve-then-read paradigm; parameter-efficient fine-tuning,No*,Retriever-Generator Pipeline,N/A,N/A,Dense,N/A,V,Phi3V-4.2B,Phi3V-4.2B,QA,"Phi3V (4.2B, primary) and Idefics3 (8B, alternative) for LLM backbone in VDocRetriever and as VDocGenerator for answer generation respectively","2 component RAG framework (VDocRetriever + VDocGenerator) , retriever uses pretrained LVLM to compress entire page images into dense EOS token embeddings aligned with OCR content","LVLM based dual encoding of queries and document images, maximum inner product search for retrieval, top-K retrieved page images concatenated with question is used to generate answer autoregressively","Phi3V, DocStruct4M (VDocRetriever)","DocVQA, InfoVQA, VisualMRC, ChartQA, OpenWikiTable, DUDE, MPMQA, MHDocVQA","InfoVQA, DUDE, chartVQA, SlideVQA (zero-shot))","VDocRetrieve pre-trained on 500K document image-OCR pairs using 2 objectives: RCR + RCG, LLM frozen, only LoRA + projector updated","VDocRetriever fine-tuned with contrastive learning on OpenDocVQA query-document pairs, VDocGenerator fine tuned with next -token prediction on same dataset","VRD, open domain"
,,,,,,,,,,,,,,,,,,,,,,,,
,Checked,,,,,Yes = fully OCR-dependent,,,"Note: ReAct is based on CoT, if Prompt Strategy is ReAct, just means paper specifically mentions ReAct",,,,,,,,,,,,,,,
,Not Checked,,,,,"Yes* = not fully OCR-dependent, OCR is just a component of the overall architecture, model can run without OCR with worse performance",,,,,,,,,,,,,,,,,,
,Unsure,,,,,"No* = OCR not explicitly used at inference, but used during PT/IT as an explicit training step",,,,,,,,,,,,,,,,,,